{"cameraMode":{"drawMode":0,"name":"Shaded","section":"Shading Mode"},"sceneLighting":true,"audioPlay":false,"sceneViewState":{"m_AlwaysRefresh":true,"showFog":true,"showSkybox":true,"showFlares":true,"showImageEffects":true,"showParticleSystems":true,"showVisualEffectGraphs":true,"m_FxEnabled":true},"in2DMode":false,"pivot":{"x":473.1187744140625,"y":3.6947927474975588,"z":99.15540313720703},"rotation":{"x":0.05933306738734245,"y":0.03293834254145622,"z":-0.001967047341167927,"w":0.9977427124977112},"size":5.981762409210205,"orthographic":false}